{
  "platform": "simulator",
  "timestamp": "2025-10-19T21:37:21.126913",
  "spent_eur": 0,
  "results": {
    "p=1": {
      "sweet_params": {
        "gamma": [
          0.23333333333333334
        ],
        "beta": [
          1.2444444444444445
        ]
      },
      "sweet_mean": 0.6546875,
      "sweet_std": 0.0023292374765622914,
      "theo_mean": 0.2401041666666667,
      "theo_std": 0.0067407182841379065,
      "improvement_factor": 2.726681127982646,
      "p_value": 1.3718242255565827e-14
    },
    "p=2": {
      "sweet_params": {
        "gamma": [
          0.16666666666666669,
          0.15000000000000002
        ],
        "beta": [
          1.4333333333333333,
          1.29
        ]
      },
      "sweet_mean": 0.6609375,
      "sweet_std": 0.0021788021524325107,
      "theo_mean": 0.5453125,
      "theo_std": 0.016428969057903628,
      "improvement_factor": 1.2120343839541547,
      "p_value": 2.841287613286539e-07
    },
    "p=3": {
      "sweet_params": {
        "gamma": [
          0.07777777777777779,
          0.15555555555555559,
          0.23333333333333336
        ],
        "beta": [
          0.3148148148148148,
          0.6296296296296297,
          0.9444444444444443
        ]
      },
      "sweet_mean": 0.6046874999999999,
      "sweet_std": 0.011410886614690943,
      "theo_mean": 0.6005208333333333,
      "theo_std": 0.009497178400422102,
      "improvement_factor": 1.0069384215091066,
      "p_value": 0.5477749325021695
    },
    "p=4": {
      "sweet_params": {
        "gamma": [
          0.07500000000000001,
          0.15000000000000002,
          0.22500000000000003,
          0.30000000000000004
        ],
        "beta": [
          0.175,
          0.35,
          0.5249999999999999,
          0.7
        ]
      },
      "sweet_mean": 0.6083333333333333,
      "sweet_std": 0.011440563873171227,
      "theo_mean": 0.38229166666666664,
      "theo_std": 0.020946955783531448,
      "improvement_factor": 1.5912806539509536,
      "p_value": 2.5980602965337058e-08
    }
  }
}