{
  "platform": "simulator",
  "timestamp": "2025-10-19T21:30:29.619431",
  "spent_eur": 0,
  "results": {
    "p=1": {
      "mean": 0.6596,
      "std": 0.0017384539747207128,
      "performances": [
        0.6593333333333333,
        0.6613333333333333,
        0.6613333333333333,
        0.6586666666666666,
        0.6573333333333333
      ],
      "sigma_c": 0.3,
      "gate_count": 15
    },
    "p=2": {
      "mean": 0.5913333333333334,
      "std": 0.006306962642808177,
      "performances": [
        0.592,
        0.6006666666666667,
        0.5926666666666667,
        0.584,
        0.5873333333333334
      ],
      "sigma_c": 0.3,
      "gate_count": 27
    },
    "p=3": {
      "mean": 0.4697333333333333,
      "std": 0.010620734437881398,
      "performances": [
        0.46399999999999997,
        0.45733333333333337,
        0.46799999999999997,
        0.474,
        0.48533333333333334
      ],
      "sigma_c": 0.3,
      "gate_count": 39
    },
    "p=4": {
      "mean": 0.46080000000000004,
      "std": 0.011665714246838396,
      "performances": [
        0.45133333333333336,
        0.47533333333333333,
        0.4613333333333333,
        0.44733333333333336,
        0.4686666666666666
      ],
      "sigma_c": 0.3,
      "gate_count": 51
    }
  }
}