{
  "timestamp": "20251018_143839",
  "results": {
    "baseline": {
      "5": {
        "approx_ratio": 0.6975,
        "avg_cuts": 2.79,
        "max_cut": 4,
        "std_cuts": 1.0563616804863758,
        "cost": 0.37
      },
      "7": {
        "approx_ratio": 0.6383333333333333,
        "avg_cuts": 3.83,
        "max_cut": 6,
        "std_cuts": 1.0913752791776072,
        "cost": 0.37
      },
      "10": {
        "approx_ratio": 0.5788461538461539,
        "avg_cuts": 7.525,
        "max_cut": 13,
        "std_cuts": 2.109354166563785,
        "cost": 0.37
      },
      "15": {
        "approx_ratio": 0.6123076923076923,
        "avg_cuts": 7.96,
        "max_cut": 13,
        "std_cuts": 1.9693653800145874,
        "cost": 0.37
      },
      "20": {
        "approx_ratio": 0.5728846153846153,
        "avg_cuts": 14.895,
        "max_cut": 26,
        "std_cuts": 2.8220515587068924,
        "cost": 0.37
      }
    },
    "optimized": {},
    "statistics": {
      "20": {
        "mean": 0.5542948717948718,
        "std": 0.004080972831383846,
        "ci_95": [
          0.5441571732839283,
          0.5644325703058153
        ],
        "n_runs": 3
      },
      "30": {
        "mean": 0.574059829059829,
        "std": 0.0014748234125416754,
        "ci_95": [
          0.5703961646026073,
          0.5777234935170507
        ],
        "n_runs": 3
      },
      "40": {
        "mean": 0.5605448717948718,
        "std": 0.0019760336720254412,
        "ci_95": [
          0.5556361320305657,
          0.5654536115591778
        ],
        "n_runs": 3
      }
    },
    "parameters": {
      "10": {
        "params": [
          2.693,
          1.635
        ],
        "approx_ratio": 0.6230769230769231
      },
      "20": {
        "params": [
          1.693,
          1.135
        ],
        "approx_ratio": 0.6038461538461538
      },
      "30": {
        "params": [
          2.493,
          0.885
        ],
        "approx_ratio": 0.5905128205128205
      }
    }
  },
  "total_cost": 37.51250000000004,
  "default_params": [
    2.693,
    1.885
  ]
}