{
  "timestamp": "20251018_120256",
  "optimal_params": {
    "gamma": 2.693,
    "beta": 1.885
  },
  "results": {
    "3": {
      "performance": 0.79,
      "already_measured": true
    },
    "5": {
      "performance": 0.72,
      "std": 0.27676705006196095,
      "graph_edges": 5,
      "shots": 200
    },
    "7": {
      "performance": 0.6433333333333333,
      "std": 0.21987370112053975,
      "graph_edges": 7,
      "shots": 200
    },
    "10": {
      "performance": 0.5892307692307692,
      "std": 0.1573523540135624,
      "graph_edges": 15,
      "shots": 200
    },
    "12": {
      "performance": 0.5709375,
      "std": 0.11853228397255323,
      "graph_edges": 18,
      "shots": 200
    },
    "15": {
      "performance": 0.6021260440394837,
      "std": 0.15365492351135301,
      "graph_edges": 15,
      "shots": 200
    },
    "20": {
      "performance": 0.5597949886104784,
      "std": 0.10630203248711946,
      "graph_edges": 30,
      "shots": 200
    },
    "25": {
      "performance": 0.5567198177676538,
      "std": 0.12618520879362688,
      "graph_edges": 25,
      "shots": 100
    },
    "30": {
      "performance": 0.536826119969628,
      "std": 0.0900052498721701,
      "graph_edges": 45,
      "shots": 100
    },
    "35": {
      "performance": 0.5558086560364464,
      "std": 0.10016014892657668,
      "graph_edges": 35,
      "shots": 100
    },
    "40": {
      "performance": 0.5671981776765376,
      "std": 0.07104035010313424,
      "graph_edges": 60,
      "shots": 100
    }
  },
  "total_cost": 27.550000000000008
}