{
  "timestamp": "20251018_135547",
  "optimal_parameters": {
    "10": {
      "gamma": 1.893,
      "beta": 1.885
    },
    "20": {
      "gamma": 1.093,
      "beta": 2.285
    },
    "30": {
      "gamma": 0.2929999999999999,
      "beta": 2.685
    }
  },
  "improved_performance": {
    "10": 1.1026666666666667,
    "20": 1.0377777777777777,
    "30": 1.0222222222222221
  },
  "validated_results": {
    "20": 0.9890000000000001,
    "30": 0.9928888888888889,
    "40": 0.9658333333333334
  },
  "total_cost": 17.607000000000014,
  "improvement_summary": {
    "scales_tested": [
      10,
      20,
      30
    ],
    "average_improvement": 87.62845880779251
  }
}