{
  "platform": "simulator",
  "timestamp": "2025-10-16T00:10:00.806101",
  "product_state": {
    "sigma_c": 0.05,
    "ci_lower": 0.0,
    "ci_upper": 0.3,
    "info_functional": [
      1.0,
      0.8366175,
      0.7055100000000001,
      0.5765549999999999,
      0.4883200000000001,
      0.41512499999999997,
      0.30821
    ],
    "gradient": [
      -0.1424593019936804,
      -0.13836372906268007,
      -0.1295559935408554,
      -0.10791436416490902,
      -0.08468291826675095,
      -0.08513194178341077,
      -0.09188294441310663
    ]
  },
  "bell_state": {
    "sigma_c": 0.05,
    "ci_lower": 0.0,
    "ci_upper": 0.3,
    "info_functional": [
      1.0,
      0.8375199999999999,
      0.70794,
      0.5975074999999999,
      0.5036800000000001,
      0.4213125,
      0.3351599999999999
    ],
    "gradient": [
      -0.1415821690566198,
      -0.13629125391219737,
      -0.12085490899993234,
      -0.10254603856287708,
      -0.08917930568937335,
      -0.08025557853606818,
      -0.0765351435870541
    ]
  },
  "statistics": {
    "improvement_factor": 1.0,
    "ci_overlap": true,
    "p_value": 1.0,
    "significant": false
  }
}