{
  "platform": "simulator",
  "timestamp": "2025-10-16T00:08:01.210498",
  "product_state": {
    "sigma_c": 0.0,
    "ci_lower": 0.0,
    "ci_upper": 0.3,
    "info_functional": [
      0.0,
      0.049282955044032614,
      0.07325984541654355,
      0.09170355209672652,
      0.09043617462069146,
      0.08664259564667513,
      0.07651374349173279
    ],
    "gradient": [
      0.049282955044032614,
      0.03662992270827178,
      0.021210298526346955,
      0.008588164602073955,
      -0.002530478225025695,
      -0.006961215564479338,
      -0.010128852154942344
    ]
  },
  "bell_state": {
    "sigma_c": 0.0,
    "ci_lower": 0.0,
    "ci_upper": 0.3,
    "info_functional": [
      0.3251030186634033,
      0.2789238520474598,
      0.24208858562167773,
      0.19453090847816118,
      0.1710325685717725,
      0.13867869042454492,
      0.11361805447972505
    ],
    "gradient": [
      -0.04617916661594351,
      -0.04150721652086278,
      -0.0421964717846493,
      -0.03552800852495262,
      -0.02792610902680813,
      -0.02870725704602372,
      -0.025060635944819873
    ]
  },
  "statistics": {
    "improvement_factor": Infinity,
    "ci_overlap": true,
    "p_value": 1.0,
    "significant": 