{
  "grover": {
    "sigma_c": 0.06628856931482388,
    "ci_lower": 0.05356613644373345,
    "ci_upper": 0.07350900117861019,
    "is_valid": 
