{
  "Product State": {
    "sigma_c": 0.05,
    "ci_lower": 0.05,
    "ci_upper": 0.2,
    "success_rates": [
      1.0,
      0.83,
      0.662,
      0.598,
      0.494,
      0.391,
      0.366
    ],
    "info_functional": [
      1.0,
      0.7490749999999999,
      0.53622,
      0.4320549999999999,
      0.31616000000000005,
      0.2199375,
      0.17933999999999997
    ],
    "gradient": [
      -0.21999011362217769,
      -0.21262290537239714,
      -0.16113806408739978,
      -0.11478916333131844,
      -0.10246496511078468,
      -0.06728383372131158,
      -0.042195632831507734
    ]
  },
  "Bell State": {
    "sigma_c": 0.1,
    "ci_lower": 0.05,
    "ci_upper": 0.2,
    "success_rates": [
      0.483,
      0.502,
      0.5,
      0.484,
      0.486,
      0.5,
      0.514
    ],
    "info_functional": [
      0.483,
      0.453055,
      0.405,
      0.34968999999999995,
      0.31104000000000004,
      0.28125,
      0.25186
    ],
    "gradient": [
      -0.028676045171711018,
      -0.0377801801771418,
      -0.049817559098044556,
      -0.04611557864767374,
      -0.03508490055441213,
      -0.028490186174290888,
      -0.02629092552158846
    ]
  },
  "Grover Baseline": {
    "sigma_c": 0.05,
    "ci_lower": 0.05,
    "ci_upper": 0.25,
    "success_rates": [
      1.0,
      0.613,
      0.402,
      0.266,
      0.284,
      0.233,
      0.237
    ],
    "info_functional": [
      1.0,
      0.5532325,
      0.32562,
      0.192185,
      0.18176000000000003,
      0.1310625,
      0.11612999999999998
    ],
    "gradient": [
      -0.3755610856076754,
      -0.3081800848866017,
      -0.18561284412567663,
      -0.07914582491506034,
      -0.03523837470380217,
      -0.02987638483394621,
      -0.017141066004583455
    ]
  },
  "VERMICULAR": {
    "sigma_c": 0.05,
    "ci_lower": 0.05,
    "ci_upper": 0.05,
    "success_rates": [
      1.0,
      0.473,
      0.342,
      0.28,
      0.252,
      0.255,
      0.252
    ],
    "info_functional": [
      1.0,
      0.42688249999999994,
      0.27702000000000004,
      0.2023,
      0.16128000000000003,
      0.1434375,
      0.12347999999999998
    ],
    "gradient": [
      -0.4666189171110577,
      -0.3267349991267425,
      -0.1330495844856365,
      -0.06070568907695027,
      -0.03135424822435079,
      -0.019074048471393684,
      -0.0176028908191406
    ]
  }
}