{
  "platform": "iqm",
  "timestamp": "2025-10-16T22:18:56.978347",
  "qaoa_results": {
    "sweet_spot": {
      "mean": 0.9259999999999999,
      "std": 0.019595917942265388,
      "values": [
        0.95,
        0.91,
        0.95,
        0.91,
        0.91
      ]
    },
    "theoretical": {
      "mean": 0.396,
      "std": 0.06974238309665079,
      "values": [
        0.49,
        0.36,
        0.45,
        0.39,
        0.29
      ]
    },
    "random_1": {
      "mean": 0.41,
      "std": 0.020976176963403023,
      "values": [
        0.43,
        0.39,
        0.39,
        0.44,
        0.4
      ]
    },
    "random_2": {
      "mean": 0.48599999999999993,
      "std": 0.05161395160225574,
      "values": [
        0.43,
        0.52,
        0.46,
        0.45,
        0.57
      ]
    },
    "random_3": {
      "mean": 0.396,
      "std": 0.04454211490264017,
      "values": [
        0.43,
        0.43,
        0.31,
        0.41,
        0.4
      ]
    }
  },
  "grover_results": {
    "standard": {
      "mean": 0.922,
      "std": 0.0193907194296653,
      "values": [
        0.9,
        0.95,
        0.93,
        0.93,
        0.9
      ]
    },
    "with_dd": {
      "mean": 0.9199999999999999,
      "std": 0.025298221281347004,
      "values": [
        0.95,
        0.91,
        0.95,
        0.9,
        0.89
      ]
    }
  },
  "statistical_tests": {
    "qaoa_anova_p": 0.9032310323910042
  }
}