{
  "platform": "simulator",
  "timestamp": "2025-10-16T22:14:30.819485",
  "qaoa_results": {
    "sweet_spot": {
      "mean": 0.976,
      "std": 0.0017888543819998333,
      "values": [
        0.974,
        0.978,
        0.974,
        0.976,
        0.978
      ]
    },
    "theoretical": {
      "mean": 0.3627999999999999,
      "std": 0.01521052267346525,
      "values": [
        0.354,
        0.354,
        0.346,
        0.372,
        0.388
      ]
    },
    "random_1": {
      "mean": 0.1008,
      "std": 0.011634431657799189,
      "values": [
        0.114,
        0.09,
        0.084,
        0.108,
        0.108
      ]
    },
    "random_2": {
      "mean": 0.5228,
      "std": 0.010777754868245993,
      "values": [
        0.514,
        0.518,
        0.518,
        0.544,
        0.52
      ]
    },
    "random_3": {
      "mean": 0.6636,
      "std": 0.008522910301065015,
      "values": [
        0.676,
        0.662,
        0.67,
        0.652,
        0.658
      ]
    },
    "grid_search": {
      "mean": 0.9352,
      "std": 0.008634813257969129,
      "values": [
        0.946,
        0.92,
        0.936,
        0.94,
        0.934
      ]
    }
  },
  "grover_results": {
    "standard": {
      "mean": 1.0,
      "std": 0.0,
      "values": [
        1.0,
        1.0,
        1.0,
        1.0,
        1.0
      ]
    },
    "with_dd": {
      "mean": 1.0,
      "std": 0.0,
      "values": [
        1.0,
        1.0,
        1.0,
        1.0,
        1.0
      ]
    }
  },
  "statistical_tests": {
    "qaoa_anova_p": NaN
  }
}